{
    "Afrikaans": [
        {
            "name": "af-ZA-AdriNeural",
            "gender": "Female"
        },
        {
            "name": "af-ZA-WillemNeural",
            "gender": "Male"
        }
    ],
    "Amharic": [
        {
            "name": "am-ET-AmehaNeural",
            "gender": "Male"
        },
        {
            "name": "am-ET-MekdesNeural",
            "gender": "Female"
        }
    ],
    "Arabic": [
        {
            "name": "ar-AE-FatimaNeural",
            "gender": "Female"
        },
        {
            "name": "ar-AE-HamdanNeural",
            "gender": "Male"
        },
        {
            "name": "ar-BH-AliNeural",
            "gender": "Male"
        },
        {
            "name": "ar-BH-LailaNeural",
            "gender": "Female"
        },
        {
            "name": "ar-DZ-AminaNeural",
            "gender": "Female"
        },
        {
            "name": "ar-DZ-IsmaelNeural",
            "gender": "Male"
        },
        {
            "name": "ar-EG-SalmaNeural",
            "gender": "Female"
        },
        {
            "name": "ar-EG-ShakirNeural",
            "gender": "Male"
        },
        {
            "name": "ar-IQ-BasselNeural",
            "gender": "Male"
        },
        {
            "name": "ar-IQ-RanaNeural",
            "gender": "Female"
        },
        {
            "name": "ar-JO-SanaNeural",
            "gender": "Female"
        },
        {
            "name": "ar-JO-TaimNeural",
            "gender": "Male"
        },
        {
            "name": "ar-KW-FahedNeural",
            "gender": "Male"
        },
        {
            "name": "ar-KW-NouraNeural",
            "gender": "Female"
        },
        {
            "name": "ar-LB-LaylaNeural",
            "gender": "Female"
        },
        {
            "name": "ar-LB-RamiNeural",
            "gender": "Male"
        },
        {
            "name": "ar-LY-ImanNeural",
            "gender": "Female"
        },
        {
            "name": "ar-LY-OmarNeural",
            "gender": "Male"
        },
        {
            "name": "ar-MA-JamalNeural",
            "gender": "Male"
        },
        {
            "name": "ar-MA-MounaNeural",
            "gender": "Female"
        },
        {
            "name": "ar-OM-AbdullahNeural",
            "gender": "Male"
        },
        {
            "name": "ar-OM-AyshaNeural",
            "gender": "Female"
        },
        {
            "name": "ar-QA-AmalNeural",
            "gender": "Female"
        },
        {
            "name": "ar-QA-MoazNeural",
            "gender": "Male"
        },
        {
            "name": "ar-SA-HamedNeural",
            "gender": "Male"
        },
        {
            "name": "ar-SA-ZariyahNeural",
            "gender": "Female"
        },
        {
            "name": "ar-SY-AmanyNeural",
            "gender": "Female"
        },
        {
            "name": "ar-SY-LaithNeural",
            "gender": "Male"
        },
        {
            "name": "ar-TN-HediNeural",
            "gender": "Male"
        },
        {
            "name": "ar-TN-ReemNeural",
            "gender": "Female"
        },
        {
            "name": "ar-YE-MaryamNeural",
            "gender": "Female"
        },
        {
            "name": "ar-YE-SalehNeural",
            "gender": "Male"
        }
    ],
    "Azerbaijani": [
        {
            "name": "az-AZ-BabekNeural",
            "gender": "Male"
        },
        {
            "name": "az-AZ-BanuNeural",
            "gender": "Female"
        }
    ],
    "Bulgarian": [
        {
            "name": "bg-BG-BorislavNeural",
            "gender": "Male"
        },
        {
            "name": "bg-BG-KalinaNeural",
            "gender": "Female"
        }
    ],
    "Bengali": [
        {
            "name": "bn-BD-NabanitaNeural",
            "gender": "Female"
        },
        {
            "name": "bn-BD-PradeepNeural",
            "gender": "Male"
        },
        {
            "name": "bn-IN-BashkarNeural",
            "gender": "Male"
        },
        {
            "name": "bn-IN-TanishaaNeural",
            "gender": "Female"
        }
    ],
    "Bosnian": [
        {
            "name": "bs-BA-GoranNeural",
            "gender": "Male"
        },
        {
            "name": "bs-BA-VesnaNeural",
            "gender": "Female"
        }
    ],
    "Catalan": [
        {
            "name": "ca-ES-EnricNeural",
            "gender": "Male"
        },
        {
            "name": "ca-ES-JoanaNeural",
            "gender": "Female"
        }
    ],
    "Czech": [
        {
            "name": "cs-CZ-AntoninNeural",
            "gender": "Male"
        },
        {
            "name": "cs-CZ-VlastaNeural",
            "gender": "Female"
        }
    ],
    "Welsh": [
        {
            "name": "cy-GB-AledNeural",
            "gender": "Male"
        },
        {
            "name": "cy-GB-NiaNeural",
            "gender": "Female"
        }
    ],
    "Danish": [
        {
            "name": "da-DK-ChristelNeural",
            "gender": "Female"
        },
        {
            "name": "da-DK-JeppeNeural",
            "gender": "Male"
        }
    ],
    "Deutsch": [
        {
            "name": "de-AT-IngridNeural",
            "gender": "Female"
        },
        {
            "name": "de-AT-JonasNeural",
            "gender": "Male"
        },
        {
            "name": "de-CH-JanNeural",
            "gender": "Male"
        },
        {
            "name": "de-CH-LeniNeural",
            "gender": "Female"
        },
        {
            "name": "de-DE-AmalaNeural",
            "gender": "Female"
        },
        {
            "name": "de-DE-ConradNeural",
            "gender": "Male"
        },
        {
            "name": "de-DE-FlorianMultilingualNeural",
            "gender": "Male"
        },
        {
            "name": "de-DE-KatjaNeural",
            "gender": "Female"
        },
        {
            "name": "de-DE-KillianNeural",
            "gender": "Male"
        },
        {
            "name": "de-DE-SeraphinaMultilingualNeural",
            "gender": "Female"
        }
    ],
    "Greek": [
        {
            "name": "el-GR-AthinaNeural",
            "gender": "Female"
        },
        {
            "name": "el-GR-NestorasNeural",
            "gender": "Male"
        }
    ],
    "English": [
        {
            "name": "en-AU-NatashaNeural",
            "gender": "Female"
        },
        {
            "name": "en-AU-WilliamNeural",
            "gender": "Male"
        },
        {
            "name": "en-CA-ClaraNeural",
            "gender": "Female"
        },
        {
            "name": "en-CA-LiamNeural",
            "gender": "Male"
        },
        {
            "name": "en-GB-LibbyNeural",
            "gender": "Female"
        },
        {
            "name": "en-GB-MaisieNeural",
            "gender": "Female"
        },
        {
            "name": "en-GB-RyanNeural",
            "gender": "Male"
        },
        {
            "name": "en-GB-SoniaNeural",
            "gender": "Female"
        },
        {
            "name": "en-GB-ThomasNeural",
            "gender": "Male"
        },
        {
            "name": "en-HK-SamNeural",
            "gender": "Male"
        },
        {
            "name": "en-HK-YanNeural",
            "gender": "Female"
        },
        {
            "name": "en-IE-ConnorNeural",
            "gender": "Male"
        },
        {
            "name": "en-IE-EmilyNeural",
            "gender": "Female"
        },
        {
            "name": "en-IN-NeerjaExpressiveNeural",
            "gender": "Female"
        },
        {
            "name": "en-IN-NeerjaNeural",
            "gender": "Female"
        },
        {
            "name": "en-IN-PrabhatNeural",
            "gender": "Male"
        },
        {
            "name": "en-KE-AsiliaNeural",
            "gender": "Female"
        },
        {
            "name": "en-KE-ChilembaNeural",
            "gender": "Male"
        },
        {
            "name": "en-NG-AbeoNeural",
            "gender": "Male"
        },
        {
            "name": "en-NG-EzinneNeural",
            "gender": "Female"
        },
        {
            "name": "en-NZ-MitchellNeural",
            "gender": "Male"
        },
        {
            "name": "en-NZ-MollyNeural",
            "gender": "Female"
        },
        {
            "name": "en-PH-JamesNeural",
            "gender": "Male"
        },
        {
            "name": "en-PH-RosaNeural",
            "gender": "Female"
        },
        {
            "name": "en-SG-LunaNeural",
            "gender": "Female"
        },
        {
            "name": "en-SG-WayneNeural",
            "gender": "Male"
        },
        {
            "name": "en-TZ-ElimuNeural",
            "gender": "Male"
        },
        {
            "name": "en-TZ-ImaniNeural",
            "gender": "Female"
        },
        {
            "name": "en-US-AnaNeural",
            "gender": "Female"
        },
        {
            "name": "en-US-AndrewMultilingualNeural",
            "gender": "Male"
        },
        {
            "name": "en-US-AndrewNeural",
            "gender": "Male"
        },
        {
            "name": "en-US-AriaNeural",
            "gender": "Female"
        },
        {
            "name": "en-US-AvaMultilingualNeural",
            "gender": "Female"
        },
        {
            "name": "en-US-AvaNeural",
            "gender": "Female"
        },
        {
            "name": "en-US-BrianMultilingualNeural",
            "gender": "Male"
        },
        {
            "name": "en-US-BrianNeural",
            "gender": "Male"
        },
        {
            "name": "en-US-ChristopherNeural",
            "gender": "Male"
        },
        {
            "name": "en-US-EmmaMultilingualNeural",
            "gender": "Female"
        },
        {
            "name": "en-US-EmmaNeural",
            "gender": "Female"
        },
        {
            "name": "en-US-EricNeural",
            "gender": "Male"
        },
        {
            "name": "en-US-GuyNeural",
            "gender": "Male"
        },
        {
            "name": "en-US-JennyNeural",
            "gender": "Female"
        },
        {
            "name": "en-US-MichelleNeural",
            "gender": "Female"
        },
        {
            "name": "en-US-RogerNeural",
            "gender": "Male"
        },
        {
            "name": "en-US-SteffanNeural",
            "gender": "Male"
        },
        {
            "name": "en-ZA-LeahNeural",
            "gender": "Female"
        },
        {
            "name": "en-ZA-LukeNeural",
            "gender": "Male"
        }
    ],
    "Spanish": [
        {
            "name": "es-AR-ElenaNeural",
            "gender": "Female"
        },
        {
            "name": "es-AR-TomasNeural",
            "gender": "Male"
        },
        {
            "name": "es-BO-MarceloNeural",
            "gender": "Male"
        },
        {
            "name": "es-BO-SofiaNeural",
            "gender": "Female"
        },
        {
            "name": "es-CL-CatalinaNeural",
            "gender": "Female"
        },
        {
            "name": "es-CL-LorenzoNeural",
            "gender": "Male"
        },
        {
            "name": "es-CO-GonzaloNeural",
            "gender": "Male"
        },
        {
            "name": "es-CO-SalomeNeural",
            "gender": "Female"
        },
        {
            "name": "es-CR-JuanNeural",
            "gender": "Male"
        },
        {
            "name": "es-CR-MariaNeural",
            "gender": "Female"
        },
        {
            "name": "es-CU-BelkysNeural",
            "gender": "Female"
        },
        {
            "name": "es-CU-ManuelNeural",
            "gender": "Male"
        },
        {
            "name": "es-DO-EmilioNeural",
            "gender": "Male"
        },
        {
            "name": "es-DO-RamonaNeural",
            "gender": "Female"
        },
        {
            "name": "es-EC-AndreaNeural",
            "gender": "Female"
        },
        {
            "name": "es-EC-LuisNeural",
            "gender": "Male"
        },
        {
            "name": "es-ES-AlvaroNeural",
            "gender": "Male"
        },
        {
            "name": "es-ES-ElviraNeural",
            "gender": "Female"
        },
        {
            "name": "es-ES-XimenaNeural",
            "gender": "Female"
        },
        {
            "name": "es-GQ-JavierNeural",
            "gender": "Male"
        },
        {
            "name": "es-GQ-TeresaNeural",
            "gender": "Female"
        },
        {
            "name": "es-GT-AndresNeural",
            "gender": "Male"
        },
        {
            "name": "es-GT-MartaNeural",
            "gender": "Female"
        },
        {
            "name": "es-HN-CarlosNeural",
            "gender": "Male"
        },
        {
            "name": "es-HN-KarlaNeural",
            "gender": "Female"
        },
        {
            "name": "es-MX-DaliaNeural",
            "gender": "Female"
        },
        {
            "name": "es-MX-JorgeNeural",
            "gender": "Male"
        },
        {
            "name": "es-NI-FedericoNeural",
            "gender": "Male"
        },
        {
            "name": "es-NI-YolandaNeural",
            "gender": "Female"
        },
        {
            "name": "es-PA-MargaritaNeural",
            "gender": "Female"
        },
        {
            "name": "es-PA-RobertoNeural",
            "gender": "Male"
        },
        {
            "name": "es-PE-AlexNeural",
            "gender": "Male"
        },
        {
            "name": "es-PE-CamilaNeural",
            "gender": "Female"
        },
        {
            "name": "es-PR-KarinaNeural",
            "gender": "Female"
        },
        {
            "name": "es-PR-VictorNeural",
            "gender": "Male"
        },
        {
            "name": "es-PY-MarioNeural",
            "gender": "Male"
        },
        {
            "name": "es-PY-TaniaNeural",
            "gender": "Female"
        },
        {
            "name": "es-SV-LorenaNeural",
            "gender": "Female"
        },
        {
            "name": "es-SV-RodrigoNeural",
            "gender": "Male"
        },
        {
            "name": "es-US-AlonsoNeural",
            "gender": "Male"
        },
        {
            "name": "es-US-PalomaNeural",
            "gender": "Female"
        },
        {
            "name": "es-UY-MateoNeural",
            "gender": "Male"
        },
        {
            "name": "es-UY-ValentinaNeural",
            "gender": "Female"
        },
        {
            "name": "es-VE-PaolaNeural",
            "gender": "Female"
        },
        {
            "name": "es-VE-SebastianNeural",
            "gender": "Male"
        }
    ],
    "Estonian": [
        {
            "name": "et-EE-AnuNeural",
            "gender": "Female"
        },
        {
            "name": "et-EE-KertNeural",
            "gender": "Male"
        }
    ],
    "Persian": [
        {
            "name": "fa-IR-DilaraNeural",
            "gender": "Female"
        },
        {
            "name": "fa-IR-FaridNeural",
            "gender": "Male"
        }
    ],
    "Finnish": [
        {
            "name": "fi-FI-HarriNeural",
            "gender": "Male"
        },
        {
            "name": "fi-FI-NooraNeural",
            "gender": "Female"
        }
    ],
    "Filipino": [
        {
            "name": "fil-PH-AngeloNeural",
            "gender": "Male"
        },
        {
            "name": "fil-PH-BlessicaNeural",
            "gender": "Female"
        }
    ],
    "French": [
        {
            "name": "fr-BE-CharlineNeural",
            "gender": "Female"
        },
        {
            "name": "fr-BE-GerardNeural",
            "gender": "Male"
        },
        {
            "name": "fr-CA-AntoineNeural",
            "gender": "Male"
        },
        {
            "name": "fr-CA-JeanNeural",
            "gender": "Male"
        },
        {
            "name": "fr-CA-SylvieNeural",
            "gender": "Female"
        },
        {
            "name": "fr-CA-ThierryNeural",
            "gender": "Male"
        },
        {
            "name": "fr-CH-ArianeNeural",
            "gender": "Female"
        },
        {
            "name": "fr-CH-FabriceNeural",
            "gender": "Male"
        },
        {
            "name": "fr-FR-DeniseNeural",
            "gender": "Female"
        },
        {
            "name": "fr-FR-EloiseNeural",
            "gender": "Female"
        },
        {
            "name": "fr-FR-HenriNeural",
            "gender": "Male"
        },
        {
            "name": "fr-FR-RemyMultilingualNeural",
            "gender": "Male"
        },
        {
            "name": "fr-FR-VivienneMultilingualNeural",
            "gender": "Female"
        }
    ],
    "Irish": [
        {
            "name": "ga-IE-ColmNeural",
            "gender": "Male"
        },
        {
            "name": "ga-IE-OrlaNeural",
            "gender": "Female"
        }
    ],
    "Galician": [
        {
            "name": "gl-ES-RoiNeural",
            "gender": "Male"
        },
        {
            "name": "gl-ES-SabelaNeural",
            "gender": "Female"
        }
    ],
    "Gujarati": [
        {
            "name": "gu-IN-DhwaniNeural",
            "gender": "Female"
        },
        {
            "name": "gu-IN-NiranjanNeural",
            "gender": "Male"
        }
    ],
    "Hebrew": [
        {
            "name": "he-IL-AvriNeural",
            "gender": "Male"
        },
        {
            "name": "he-IL-HilaNeural",
            "gender": "Female"
        }
    ],
    "Hindi": [
        {
            "name": "hi-IN-MadhurNeural",
            "gender": "Male"
        },
        {
            "name": "hi-IN-SwaraNeural",
            "gender": "Female"
        }
    ],
    "Croatian": [
        {
            "name": "hr-HR-GabrijelaNeural",
            "gender": "Female"
        },
        {
            "name": "hr-HR-SreckoNeural",
            "gender": "Male"
        }
    ],
    "Hungarian": [
        {
            "name": "hu-HU-NoemiNeural",
            "gender": "Female"
        },
        {
            "name": "hu-HU-TamasNeural",
            "gender": "Male"
        }
    ],
    "Indonesian": [
        {
            "name": "id-ID-ArdiNeural",
            "gender": "Male"
        },
        {
            "name": "id-ID-GadisNeural",
            "gender": "Female"
        }
    ],
    "Icelandic": [
        {
            "name": "is-IS-GudrunNeural",
            "gender": "Female"
        },
        {
            "name": "is-IS-GunnarNeural",
            "gender": "Male"
        }
    ],
    "Italian": [
        {
            "name": "it-IT-DiegoNeural",
            "gender": "Male"
        },
        {
            "name": "it-IT-ElsaNeural",
            "gender": "Female"
        },
        {
            "name": "it-IT-GiuseppeNeural",
            "gender": "Male"
        },
        {
            "name": "it-IT-IsabellaNeural",
            "gender": "Female"
        }
    ],
    "Japanese": [
        {
            "name": "ja-JP-KeitaNeural",
            "gender": "Male"
        },
        {
            "name": "ja-JP-NanamiNeural",
            "gender": "Female"
        }
    ],
    "Javanese": [
        {
            "name": "jv-ID-DimasNeural",
            "gender": "Male"
        },
        {
            "name": "jv-ID-SitiNeural",
            "gender": "Female"
        }
    ],
    "Georgian": [
        {
            "name": "ka-GE-EkaNeural",
            "gender": "Female"
        },
        {
            "name": "ka-GE-GiorgiNeural",
            "gender": "Male"
        }
    ],
    "Kazakh": [
        {
            "name": "kk-KZ-AigulNeural",
            "gender": "Female"
        },
        {
            "name": "kk-KZ-DauletNeural",
            "gender": "Male"
        }
    ],
    "Khmer": [
        {
            "name": "km-KH-PisethNeural",
            "gender": "Male"
        },
        {
            "name": "km-KH-SreymomNeural",
            "gender": "Female"
        }
    ],
    "Kannada": [
        {
            "name": "kn-IN-GaganNeural",
            "gender": "Male"
        },
        {
            "name": "kn-IN-SapnaNeural",
            "gender": "Female"
        }
    ],
    "Korean": [
        {
            "name": "ko-KR-HyunsuNeural",
            "gender": "Male"
        },
        {
            "name": "ko-KR-InJoonNeural",
            "gender": "Male"
        },
        {
            "name": "ko-KR-SunHiNeural",
            "gender": "Female"
        }
    ],
    "Lao": [
        {
            "name": "lo-LA-ChanthavongNeural",
            "gender": "Male"
        },
        {
            "name": "lo-LA-KeomanyNeural",
            "gender": "Female"
        }
    ],
    "Lithuanian": [
        {
            "name": "lt-LT-LeonasNeural",
            "gender": "Male"
        },
        {
            "name": "lt-LT-OnaNeural",
            "gender": "Female"
        }
    ],
    "Latvian": [
        {
            "name": "lv-LV-EveritaNeural",
            "gender": "Female"
        },
        {
            "name": "lv-LV-NilsNeural",
            "gender": "Male"
        }
    ],
    "Macedonian": [
        {
            "name": "mk-MK-AleksandarNeural",
            "gender": "Male"
        },
        {
            "name": "mk-MK-MarijaNeural",
            "gender": "Female"
        }
    ],
    "Malayalam": [
        {
            "name": "ml-IN-MidhunNeural",
            "gender": "Male"
        },
        {
            "name": "ml-IN-SobhanaNeural",
            "gender": "Female"
        }
    ],
    "Mongolian": [
        {
            "name": "mn-MN-BataaNeural",
            "gender": "Male"
        },
        {
            "name": "mn-MN-YesuiNeural",
            "gender": "Female"
        }
    ],
    "Marathi": [
        {
            "name": "mr-IN-AarohiNeural",
            "gender": "Female"
        },
        {
            "name": "mr-IN-ManoharNeural",
            "gender": "Male"
        }
    ],
    "Malay": [
        {
            "name": "ms-MY-OsmanNeural",
            "gender": "Male"
        },
        {
            "name": "ms-MY-YasminNeural",
            "gender": "Female"
        }
    ],
    "Maltese": [
        {
            "name": "mt-MT-GraceNeural",
            "gender": "Female"
        },
        {
            "name": "mt-MT-JosephNeural",
            "gender": "Male"
        }
    ],
    "Burmese": [
        {
            "name": "my-MM-NilarNeural",
            "gender": "Female"
        },
        {
            "name": "my-MM-ThihaNeural",
            "gender": "Male"
        }
    ],
    "Norwegian Bokmål": [
        {
            "name": "nb-NO-FinnNeural",
            "gender": "Male"
        },
        {
            "name": "nb-NO-PernilleNeural",
            "gender": "Female"
        }
    ],
    "Nepali": [
        {
            "name": "ne-NP-HemkalaNeural",
            "gender": "Female"
        },
        {
            "name": "ne-NP-SagarNeural",
            "gender": "Male"
        }
    ],
    "Dutch": [
        {
            "name": "nl-BE-ArnaudNeural",
            "gender": "Male"
        },
        {
            "name": "nl-BE-DenaNeural",
            "gender": "Female"
        },
        {
            "name": "nl-NL-ColetteNeural",
            "gender": "Female"
        },
        {
            "name": "nl-NL-FennaNeural",
            "gender": "Female"
        },
        {
            "name": "nl-NL-MaartenNeural",
            "gender": "Male"
        }
    ],
    "Polish": [
        {
            "name": "pl-PL-MarekNeural",
            "gender": "Male"
        },
        {
            "name": "pl-PL-ZofiaNeural",
            "gender": "Female"
        }
    ],
    "Pashto": [
        {
            "name": "ps-AF-GulNawazNeural",
            "gender": "Male"
        },
        {
            "name": "ps-AF-LatifaNeural",
            "gender": "Female"
        }
    ],
    "Portuguese": [
        {
            "name": "pt-BR-AntonioNeural",
            "gender": "Male"
        },
        {
            "name": "pt-BR-FranciscaNeural",
            "gender": "Female"
        },
        {
            "name": "pt-BR-ThalitaNeural",
            "gender": "Female"
        },
        {
            "name": "pt-PT-DuarteNeural",
            "gender": "Male"
        },
        {
            "name": "pt-PT-RaquelNeural",
            "gender": "Female"
        }
    ],
    "Romanian": [
        {
            "name": "ro-RO-AlinaNeural",
            "gender": "Female"
        },
        {
            "name": "ro-RO-EmilNeural",
            "gender": "Male"
        }
    ],
    "Russian": [
        {
            "name": "ru-RU-DmitryNeural",
            "gender": "Male"
        },
        {
            "name": "ru-RU-SvetlanaNeural",
            "gender": "Female"
        }
    ],
    "Sinhala": [
        {
            "name": "si-LK-SameeraNeural",
            "gender": "Male"
        },
        {
            "name": "si-LK-ThiliniNeural",
            "gender": "Female"
        }
    ],
    "Slovak": [
        {
            "name": "sk-SK-LukasNeural",
            "gender": "Male"
        },
        {
            "name": "sk-SK-ViktoriaNeural",
            "gender": "Female"
        }
    ],
    "Slovenian": [
        {
            "name": "sl-SI-PetraNeural",
            "gender": "Female"
        },
        {
            "name": "sl-SI-RokNeural",
            "gender": "Male"
        }
    ],
    "Somali": [
        {
            "name": "so-SO-MuuseNeural",
            "gender": "Male"
        },
        {
            "name": "so-SO-UbaxNeural",
            "gender": "Female"
        }
    ],
    "Albanian": [
        {
            "name": "sq-AL-AnilaNeural",
            "gender": "Female"
        },
        {
            "name": "sq-AL-IlirNeural",
            "gender": "Male"
        }
    ],
    "Serbian": [
        {
            "name": "sr-RS-NicholasNeural",
            "gender": "Male"
        },
        {
            "name": "sr-RS-SophieNeural",
            "gender": "Female"
        }
    ],
    "Sundanese": [
        {
            "name": "su-ID-JajangNeural",
            "gender": "Male"
        },
        {
            "name": "su-ID-TutiNeural",
            "gender": "Female"
        }
    ],
    "Swedish": [
        {
            "name": "sv-SE-MattiasNeural",
            "gender": "Male"
        },
        {
            "name": "sv-SE-SofieNeural",
            "gender": "Female"
        }
    ],
    "Swahili": [
        {
            "name": "sw-KE-RafikiNeural",
            "gender": "Male"
        },
        {
            "name": "sw-KE-ZuriNeural",
            "gender": "Female"
        },
        {
            "name": "sw-TZ-DaudiNeural",
            "gender": "Male"
        },
        {
            "name": "sw-TZ-RehemaNeural",
            "gender": "Female"
        }
    ],
    "Tamil": [
        {
            "name": "ta-IN-PallaviNeural",
            "gender": "Female"
        },
        {
            "name": "ta-IN-ValluvarNeural",
            "gender": "Male"
        },
        {
            "name": "ta-LK-KumarNeural",
            "gender": "Male"
        },
        {
            "name": "ta-LK-SaranyaNeural",
            "gender": "Female"
        },
        {
            "name": "ta-MY-KaniNeural",
            "gender": "Female"
        },
        {
            "name": "ta-MY-SuryaNeural",
            "gender": "Male"
        },
        {
            "name": "ta-SG-AnbuNeural",
            "gender": "Male"
        },
        {
            "name": "ta-SG-VenbaNeural",
            "gender": "Female"
        }
    ],
    "Telugu": [
        {
            "name": "te-IN-MohanNeural",
            "gender": "Male"
        },
        {
            "name": "te-IN-ShrutiNeural",
            "gender": "Female"
        }
    ],
    "Thai": [
        {
            "name": "th-TH-NiwatNeural",
            "gender": "Male"
        },
        {
            "name": "th-TH-PremwadeeNeural",
            "gender": "Female"
        }
    ],
    "Turkish": [
        {
            "name": "tr-TR-AhmetNeural",
            "gender": "Male"
        },
        {
            "name": "tr-TR-EmelNeural",
            "gender": "Female"
        }
    ],
    "Ukrainian": [
        {
            "name": "uk-UA-OstapNeural",
            "gender": "Male"
        },
        {
            "name": "uk-UA-PolinaNeural",
            "gender": "Female"
        }
    ],
    "Urdu": [
        {
            "name": "ur-IN-GulNeural",
            "gender": "Female"
        },
        {
            "name": "ur-IN-SalmanNeural",
            "gender": "Male"
        },
        {
            "name": "ur-PK-AsadNeural",
            "gender": "Male"
        },
        {
            "name": "ur-PK-UzmaNeural",
            "gender": "Female"
        }
    ],
    "Uzbek": [
        {
            "name": "uz-UZ-MadinaNeural",
            "gender": "Female"
        },
        {
            "name": "uz-UZ-SardorNeural",
            "gender": "Male"
        }
    ],
    "Vietnamese": [
        {
            "name": "vi-VN-HoaiMyNeural",
            "gender": "Female"
        },
        {
            "name": "vi-VN-NamMinhNeural",
            "gender": "Male"
        }
    ],
    "Chinese": [
        {
            "name": "zh-CN-XiaoxiaoNeural",
            "gender": "Female"
        },
        {
            "name": "zh-CN-XiaoyiNeural",
            "gender": "Female"
        },
        {
            "name": "zh-CN-YunjianNeural",
            "gender": "Male"
        },
        {
            "name": "zh-CN-YunxiNeural",
            "gender": "Male"
        },
        {
            "name": "zh-CN-YunxiaNeural",
            "gender": "Male"
        },
        {
            "name": "zh-CN-YunyangNeural",
            "gender": "Male"
        },
        {
            "name": "zh-CN-liaoning-XiaobeiNeural",
            "gender": "Female"
        },
        {
            "name": "zh-CN-shaanxi-XiaoniNeural",
            "gender": "Female"
        },
        {
            "name": "zh-HK-HiuGaaiNeural",
            "gender": "Female"
        },
        {
            "name": "zh-HK-HiuMaanNeural",
            "gender": "Female"
        },
        {
            "name": "zh-HK-WanLungNeural",
            "gender": "Male"
        },
        {
            "name": "zh-TW-HsiaoChenNeural",
            "gender": "Female"
        },
        {
            "name": "zh-TW-HsiaoYuNeural",
            "gender": "Female"
        },
        {
            "name": "zh-TW-YunJheNeural",
            "gender": "Male"
        }
    ],
    "Zulu": [
        {
            "name": "zu-ZA-ThandoNeural",
            "gender": "Female"
        },
        {
            "name": "zu-ZA-ThembaNeural",
            "gender": "Male"
        }
    ]
}